<?xml version="1.0"?>
<doc>
    <assembly>
        <name>NSwag.Annotations</name>
    </assembly>
    <members>
        <member name="T:NSwag.Annotations.Converters.JsonExceptionConverter">
            <summary>A converter to correctly serialize exception objects.</summary>
        </member>
        <member name="M:NSwag.Annotations.Converters.JsonExceptionConverter.#ctor">
            <summary>Initializes a new instance of the <see cref="T:NSwag.Annotations.Converters.JsonExceptionConverter"/> class.</summary>
        </member>
        <member name="M:NSwag.Annotations.Converters.JsonExceptionConverter.#ctor(System.Boolean,System.Collections.Generic.IDictionary{System.String,System.Reflection.Assembly})">
            <summary>Initializes a new instance of the <see cref="T:NSwag.Annotations.Converters.JsonExceptionConverter" /> class.</summary>
            <param name="hideStackTrace">If set to <c>true</c> the serializer hides stack trace (i.e. sets the StackTrace to 'HIDDEN').</param>
            <param name="searchedNamespaces">The namespaces to search for exception types.</param>
        </member>
        <member name="P:NSwag.Annotations.Converters.JsonExceptionConverter.CanWrite">
            <summary>Gets a value indicating whether this <see cref="T:Newtonsoft.Json.JsonConverter" /> can write JSON.</summary>
        </member>
        <member name="M:NSwag.Annotations.Converters.JsonExceptionConverter.WriteJson(Newtonsoft.Json.JsonWriter,System.Object,Newtonsoft.Json.JsonSerializer)">
            <summary>Writes the JSON representation of the object.</summary>
            <param name="writer">The <see cref="T:Newtonsoft.Json.JsonWriter" /> to write to.</param>
            <param name="value">The value.</param>
            <param name="serializer">The calling serializer.</param>
        </member>
        <member name="M:NSwag.Annotations.Converters.JsonExceptionConverter.CanConvert(System.Type)">
            <summary>Determines whether this instance can convert the specified object type.</summary>
            <param name="objectType">Type of the object.</param>
            <returns><c>true</c> if this instance can convert the specified object type; otherwise, <c>false</c>.</returns>
        </member>
        <member name="M:NSwag.Annotations.Converters.JsonExceptionConverter.ReadJson(Newtonsoft.Json.JsonReader,System.Type,System.Object,Newtonsoft.Json.JsonSerializer)">
            <summary>Reads the JSON representation of the object.</summary>
            <param name="reader">The <see cref="T:Newtonsoft.Json.JsonReader" /> to read from.</param>
            <param name="objectType">Type of the object.</param>
            <param name="existingValue">The existing value of object being read.</param>
            <param name="serializer">The calling serializer.</param>
            <returns>The object value.</returns>
        </member>
        <member name="T:NSwag.Annotations.ResponseTypeAttribute">
            <summary>Specifies the result type of a HTTP operation to correctly generate a Swagger definition.</summary>
            <remarks>Use <see cref="T:NSwag.Annotations.SwaggerResponseAttribute"/>, this attribute will be obsolete soon.</remarks>
        </member>
        <member name="M:NSwag.Annotations.ResponseTypeAttribute.#ctor(System.Type)">
            <summary>Initializes a new instance of the <see cref="T:NSwag.Annotations.ResponseTypeAttribute"/> class.</summary>
            <param name="responseType">The JSON result type of the MVC or Web API action method.</param>
        </member>
        <member name="M:NSwag.Annotations.ResponseTypeAttribute.#ctor(System.String,System.Type)">
            <summary>Initializes a new instance of the <see cref="T:NSwag.Annotations.ResponseTypeAttribute"/> class.</summary>
            <param name="httpStatusCode">The HTTP status code for which the result type applies.</param>
            <param name="responseType">The JSON result type of the MVC or Web API action method.</param>
        </member>
        <member name="M:NSwag.Annotations.ResponseTypeAttribute.#ctor(System.Int32,System.Type)">
            <summary>Initializes a new instance of the <see cref="T:NSwag.Annotations.SwaggerResponseAttribute"/> class.</summary>
            <param name="httpStatusCode">The HTTP status code for which the result type applies.</param>
            <param name="responseType">The JSON result type of the MVC or Web API action method.</param>
        </member>
        <member name="M:NSwag.Annotations.ResponseTypeAttribute.#ctor(System.Net.HttpStatusCode,System.Type)">
            <summary>Initializes a new instance of the <see cref="T:NSwag.Annotations.SwaggerResponseAttribute"/> class.</summary>
            <param name="httpStatusCode">The HTTP status code for which the result type applies.</param>
            <param name="responseType">The JSON result type of the MVC or Web API action method.</param>
        </member>
        <member name="P:NSwag.Annotations.ResponseTypeAttribute.HttpStatusCode">
            <summary>Gets or sets the HTTP status code for which the result type applies.</summary>
        </member>
        <member name="P:NSwag.Annotations.ResponseTypeAttribute.ResponseType">
            <summary>Gets or sets the JSON result type of the MVC or Web API action method.</summary>
        </member>
        <member name="P:NSwag.Annotations.ResponseTypeAttribute.Description">
            <summary>Gets or sets the description of the response.</summary>
        </member>
        <member name="T:NSwag.Annotations.SwaggerIgnoreAttribute">
            <summary>Excludes an action method from the generated Swagger specification.</summary>
        </member>
        <member name="T:NSwag.Annotations.SwaggerOperationAttribute">
            <summary>Specifies the operation .</summary>
        </member>
        <member name="M:NSwag.Annotations.SwaggerOperationAttribute.#ctor(System.String)">
            <summary>Initializes a new instance of the <see cref="T:NSwag.Annotations.SwaggerOperationAttribute"/> class.</summary>
            <param name="operationId">The operation ID.</param>
        </member>
        <member name="P:NSwag.Annotations.SwaggerOperationAttribute.OperationId">
            <summary>Gets or sets the operation ID.</summary>
        </member>
        <member name="T:NSwag.Annotations.SwaggerOperationProcessorAttribute">
            <summary>Registers an operation processor for the given method or class.</summary>
            <seealso cref="T:System.Attribute" />
        </member>
        <member name="M:NSwag.Annotations.SwaggerOperationProcessorAttribute.#ctor(System.Type)">
            <summary>Initializes a new instance of the <see cref="T:NSwag.Annotations.SwaggerOperationProcessorAttribute"/> class.</summary>
            <param name="type">The type.</param>
        </member>
        <member name="P:NSwag.Annotations.SwaggerOperationProcessorAttribute.Type">
            <summary>Gets or sets the type of the operation processor (must implement IOperationProcessor).</summary>
        </member>
        <member name="T:NSwag.Annotations.SwaggerResponseAttribute">
            <summary>Specifies the result type of a HTTP operation to correctly generate a Swagger definition.</summary>
        </member>
        <member name="M:NSwag.Annotations.SwaggerResponseAttribute.#ctor(System.Type)">
            <summary>Initializes a new instance of the <see cref="T:NSwag.Annotations.SwaggerResponseAttribute"/> class.</summary>
            <param name="responseType">The JSON result type of the MVC or Web API action method.</param>
        </member>
        <member name="M:NSwag.Annotations.SwaggerResponseAttribute.#ctor(System.String,System.Type)">
            <summary>Initializes a new instance of the <see cref="T:NSwag.Annotations.SwaggerResponseAttribute"/> class.</summary>
            <param name="httpStatusCode">The HTTP status code for which the result type applies.</param>
            <param name="responseType">The JSON result type of the MVC or Web API action method.</param>
        </member>
        <member name="M:NSwag.Annotations.SwaggerResponseAttribute.#ctor(System.Int32,System.Type)">
            <summary>Initializes a new instance of the <see cref="T:NSwag.Annotations.SwaggerResponseAttribute"/> class.</summary>
            <param name="httpStatusCode">The HTTP status code for which the result type applies.</param>
            <param name="responseType">The JSON result type of the MVC or Web API action method.</param>
        </member>
        <member name="M:NSwag.Annotations.SwaggerResponseAttribute.#ctor(System.Net.HttpStatusCode,System.Type)">
            <summary>Initializes a new instance of the <see cref="T:NSwag.Annotations.SwaggerResponseAttribute"/> class.</summary>
            <param name="httpStatusCode">The HTTP status code for which the result type applies.</param>
            <param name="responseType">The JSON result type of the MVC or Web API action method.</param>
        </member>
        <member name="P:NSwag.Annotations.SwaggerResponseAttribute.StatusCode">
            <summary>Gets the HTTP status code.</summary>
        </member>
        <member name="P:NSwag.Annotations.SwaggerResponseAttribute.Description">
            <summary>Gets or sets the response description.</summary>
        </member>
        <member name="P:NSwag.Annotations.SwaggerResponseAttribute.Type">
            <summary>Gets or sets the response type.</summary>
        </member>
        <member name="T:NSwag.Annotations.SwaggerTagAttribute">
            <summary>Specifies the tags for an operation.</summary>
        </member>
        <member name="M:NSwag.Annotations.SwaggerTagAttribute.#ctor(System.String)">
            <summary>Initializes a new instance of the <see cref="T:NSwag.Annotations.SwaggerTagAttribute"/> class.</summary>
        </member>
        <member name="P:NSwag.Annotations.SwaggerTagAttribute.Name">
            <summary>Gets or sets the name.</summary>
        </member>
        <member name="P:NSwag.Annotations.SwaggerTagAttribute.Description">
            <summary>Gets or sets the description.</summary>
        </member>
        <member name="P:NSwag.Annotations.SwaggerTagAttribute.DocumentationDescription">
            <summary>Gets or sets the external documentation description.</summary>
        </member>
        <member name="P:NSwag.Annotations.SwaggerTagAttribute.DocumentationUrl">
            <summary>Gets or sets the external documentation URL.</summary>
        </member>
        <member name="P:NSwag.Annotations.SwaggerTagAttribute.AddToDocument">
            <summary>Gets or sets a value indicating whether the tags should be added to document's 'tags' property (only needed on operation methods, default: false).</summary>
        </member>
        <member name="T:NSwag.Annotations.SwaggerTagsAttribute">
            <summary>Specifies the tags for an operation or a document.</summary>
        </member>
        <member name="M:NSwag.Annotations.SwaggerTagsAttribute.#ctor(System.String[])">
            <summary>Initializes a new instance of the <see cref="T:NSwag.Annotations.SwaggerTagsAttribute"/> class.</summary>
            <param name="tags">The tags.</param>
        </member>
        <member name="P:NSwag.Annotations.SwaggerTagsAttribute.Tags">
            <summary>Gets the tags.</summary>
        </member>
        <member name="P:NSwag.Annotations.SwaggerTagsAttribute.AddToDocument">
            <summary>Gets or sets a value indicating whether the tags should be added to document's 'tags' property (only needed on operation methods, default: false).</summary>
        </member>
    </members>
</doc>
