<?xml version="1.0"?>
<doc>
    <assembly>
        <name>NSwag.CodeGeneration</name>
    </assembly>
    <members>
        <member name="T:NSwag.CodeGeneration.CodeGenerators.ClientGeneratorOutputType">
            <summary>Specifies the output type.</summary>
        </member>
        <member name="F:NSwag.CodeGeneration.CodeGenerators.ClientGeneratorOutputType.Full">
            <summary>A single output with contracts and implementation.</summary>
        </member>
        <member name="F:NSwag.CodeGeneration.CodeGenerators.ClientGeneratorOutputType.Contracts">
            <summary>The contracts output.</summary>
        </member>
        <member name="F:NSwag.CodeGeneration.CodeGenerators.ClientGeneratorOutputType.Implementation">
            <summary>The implementation output.</summary>
        </member>
        <member name="T:NSwag.CodeGeneration.CodeGenerators.ControllerGeneratorBaseSettings">
            <summary>Settings for the <see cref="T:NSwag.CodeGeneration.CodeGenerators.ClientGeneratorBase"/>.</summary>
        </member>
        <member name="M:NSwag.CodeGeneration.CodeGenerators.ControllerGeneratorBaseSettings.#ctor">
            <summary>Initializes a new instance of the <see cref="T:NSwag.CodeGeneration.CodeGenerators.ClientGeneratorBaseSettings"/> class.</summary>
        </member>
        <member name="P:NSwag.CodeGeneration.CodeGenerators.ControllerGeneratorBaseSettings.GenerateDtoTypes">
            <summary>Gets or sets a value indicating whether to generate DTO classes (default: true).</summary>
        </member>
        <member name="T:NSwag.CodeGeneration.CodeGenerators.CSharp.SwaggerToCSharpClientGeneratorSettings">
            <summary>Settings for the <see cref="T:NSwag.CodeGeneration.CodeGenerators.CSharp.SwaggerToCSharpClientGenerator"/>.</summary>
        </member>
        <member name="M:NSwag.CodeGeneration.CodeGenerators.CSharp.SwaggerToCSharpClientGeneratorSettings.#ctor">
            <summary>Initializes a new instance of the <see cref="T:NSwag.CodeGeneration.CodeGenerators.CSharp.SwaggerToCSharpClientGeneratorSettings"/> class.</summary>
        </member>
        <member name="P:NSwag.CodeGeneration.CodeGenerators.CSharp.SwaggerToCSharpClientGeneratorSettings.ClientBaseClass">
            <summary>Gets or sets the full name of the base class.</summary>
        </member>
        <member name="P:NSwag.CodeGeneration.CodeGenerators.CSharp.SwaggerToCSharpClientGeneratorSettings.UseHttpClientCreationMethod">
            <summary>Gets or sets a value indicating whether to call CreateHttpClientAsync on the base class to create a new HttpClient instance.</summary>
        </member>
        <member name="T:NSwag.CodeGeneration.CodeGenerators.CSharp.SwaggerToCSharpGeneratorBase">
            <summary>The CSharp generator base class.</summary>
        </member>
        <member name="T:NSwag.CodeGeneration.CodeGenerators.CSharp.SwaggerToCSharpGeneratorSettings">
            <summary>Settings for the <see cref="T:NSwag.CodeGeneration.CodeGenerators.CSharp.SwaggerToCSharpGeneratorBase"/>.</summary>
        </member>
        <member name="M:NSwag.CodeGeneration.CodeGenerators.CSharp.SwaggerToCSharpGeneratorSettings.#ctor">
            <summary>Initializes a new instance of the <see cref="T:NSwag.CodeGeneration.CodeGenerators.CSharp.SwaggerToCSharpClientGeneratorSettings"/> class.</summary>
        </member>
        <member name="P:NSwag.CodeGeneration.CodeGenerators.CSharp.SwaggerToCSharpGeneratorSettings.CSharpGeneratorSettings">
            <summary>Gets or sets the CSharp generator settings.</summary>
        </member>
        <member name="P:NSwag.CodeGeneration.CodeGenerators.CSharp.SwaggerToCSharpGeneratorSettings.AdditionalNamespaceUsages">
            <summary>Gets or sets the additional namespace usages.</summary>
        </member>
        <member name="P:NSwag.CodeGeneration.CodeGenerators.CSharp.SwaggerToCSharpGeneratorSettings.CodeGeneratorSettings">
            <summary>Gets the code generator settings.</summary>
        </member>
        <member name="T:NSwag.CodeGeneration.CodeGenerators.CSharp.SwaggerToCSharpTypeResolver">
            <summary>A resolver which returns Exception without generating the class (uses System.Exception instead of own class).</summary>
        </member>
        <member name="M:NSwag.CodeGeneration.CodeGenerators.CSharp.SwaggerToCSharpTypeResolver.#ctor(NJsonSchema.CodeGeneration.CSharp.CSharpGeneratorSettings,System.Collections.Generic.IDictionary{System.String,NJsonSchema.JsonSchema4})">
            <summary>Initializes a new instance of the <see cref="T:NJsonSchema.CodeGeneration.CSharp.CSharpTypeResolver" /> class.</summary>
            <param name="definition">The definition.</param>
            <param name="settings">The generator settings.</param>
        </member>
        <member name="M:NSwag.CodeGeneration.CodeGenerators.CSharp.SwaggerToCSharpTypeResolver.Resolve(NJsonSchema.JsonSchema4,System.Boolean,System.String)">
            <summary>Resolves and possibly generates the specified schema.</summary>
            <param name="schema">The schema.</param>
            <param name="isNullable">Specifies whether the given type usage is nullable.</param>
            <param name="typeNameHint">The type name hint to use when generating the type and the type name is missing.</param>
            <returns>The type name.</returns>
        </member>
        <member name="T:NSwag.CodeGeneration.CodeGenerators.CSharp.Templates.ClientTemplate">
            <summary>
            Class to produce the template output
            </summary>
        </member>
        <member name="M:NSwag.CodeGeneration.CodeGenerators.CSharp.Templates.ClientTemplate.Initialize(System.Object)">
            <summary>Initializes the template with a model.</summary>
            <param name="model">The model.</param>
        </member>
        <member name="M:NSwag.CodeGeneration.CodeGenerators.CSharp.Templates.ClientTemplate.Render">
            <summary>Renders the template.</summary>
            <returns>The output.</returns>
        </member>
        <member name="M:NSwag.CodeGeneration.CodeGenerators.CSharp.Templates.ClientTemplate.TransformText">
            <summary>
            Create the template output
            </summary>
        </member>
        <member name="T:NSwag.CodeGeneration.CodeGenerators.CSharp.Templates.ClientTemplateBase">
            <summary>
            Base class for this transformation
            </summary>
        </member>
        <member name="P:NSwag.CodeGeneration.CodeGenerators.CSharp.Templates.ClientTemplateBase.GenerationEnvironment">
            <summary>
            The string builder that generation-time code is using to assemble generated output
            </summary>
        </member>
        <member name="P:NSwag.CodeGeneration.CodeGenerators.CSharp.Templates.ClientTemplateBase.Errors">
            <summary>
            The error collection for the generation process
            </summary>
        </member>
        <member name="P:NSwag.CodeGeneration.CodeGenerators.CSharp.Templates.ClientTemplateBase.indentLengths">
            <summary>
            A list of the lengths of each indent that was added with PushIndent
            </summary>
        </member>
        <member name="P:NSwag.CodeGeneration.CodeGenerators.CSharp.Templates.ClientTemplateBase.CurrentIndent">
            <summary>
            Gets the current indent we use when adding lines to the output
            </summary>
        </member>
        <member name="P:NSwag.CodeGeneration.CodeGenerators.CSharp.Templates.ClientTemplateBase.Session">
            <summary>
            Current transformation session
            </summary>
        </member>
        <member name="M:NSwag.CodeGeneration.CodeGenerators.CSharp.Templates.ClientTemplateBase.Write(System.String)">
            <summary>
            Write text directly into the generated output
            </summary>
        </member>
        <member name="M:NSwag.CodeGeneration.CodeGenerators.CSharp.Templates.ClientTemplateBase.WriteLine(System.String)">
            <summary>
            Write text directly into the generated output
            </summary>
        </member>
        <member name="M:NSwag.CodeGeneration.CodeGenerators.CSharp.Templates.ClientTemplateBase.Write(System.String,System.Object[])">
            <summary>
            Write formatted text directly into the generated output
            </summary>
        </member>
        <member name="M:NSwag.CodeGeneration.CodeGenerators.CSharp.Templates.ClientTemplateBase.WriteLine(System.String,System.Object[])">
            <summary>
            Write formatted text directly into the generated output
            </summary>
        </member>
        <member name="M:NSwag.CodeGeneration.CodeGenerators.CSharp.Templates.ClientTemplateBase.Error(System.String)">
            <summary>
            Raise an error
            </summary>
        </member>
        <member name="M:NSwag.CodeGeneration.CodeGenerators.CSharp.Templates.ClientTemplateBase.Warning(System.String)">
            <summary>
            Raise a warning
            </summary>
        </member>
        <member name="M:NSwag.CodeGeneration.CodeGenerators.CSharp.Templates.ClientTemplateBase.PushIndent(System.String)">
            <summary>
            Increase the indent
            </summary>
        </member>
        <member name="M:NSwag.CodeGeneration.CodeGenerators.CSharp.Templates.ClientTemplateBase.PopIndent">
            <summary>
            Remove the last indent that was added with PushIndent
            </summary>
        </member>
        <member name="M:NSwag.CodeGeneration.CodeGenerators.CSharp.Templates.ClientTemplateBase.ClearIndent">
            <summary>
            Remove any indentation
            </summary>
        </member>
        <member name="T:NSwag.CodeGeneration.CodeGenerators.CSharp.Templates.ClientTemplateBase.ToStringInstanceHelper">
            <summary>
            Utility class to produce culture-oriented representation of an object as a string.
            </summary>
        </member>
        <member name="P:NSwag.CodeGeneration.CodeGenerators.CSharp.Templates.ClientTemplateBase.ToStringInstanceHelper.FormatProvider">
            <summary>
            Gets or sets format provider to be used by ToStringWithCulture method.
            </summary>
        </member>
        <member name="M:NSwag.CodeGeneration.CodeGenerators.CSharp.Templates.ClientTemplateBase.ToStringInstanceHelper.ToStringWithCulture(System.Object)">
            <summary>
            This is called from the compile/run appdomain to convert objects within an expression block to a string
            </summary>
        </member>
        <member name="P:NSwag.CodeGeneration.CodeGenerators.CSharp.Templates.ClientTemplateBase.ToStringHelper">
            <summary>
            Helper to produce culture-oriented representation of an object as a string
            </summary>
        </member>
        <member name="T:NSwag.CodeGeneration.CodeGenerators.CSharp.Templates.FileTemplate">
            <summary>
            Class to produce the template output
            </summary>
        </member>
        <member name="M:NSwag.CodeGeneration.CodeGenerators.CSharp.Templates.FileTemplate.TransformText">
            <summary>
            Create the template output
            </summary>
        </member>
        <member name="M:NSwag.CodeGeneration.CodeGenerators.CSharp.Templates.FileTemplate.Initialize(System.Object)">
            <summary>Initializes the template with a model.</summary>
            <param name="model">The model.</param>
        </member>
        <member name="M:NSwag.CodeGeneration.CodeGenerators.CSharp.Templates.FileTemplate.Render">
            <summary>Renders the template.</summary>
            <returns>The output.</returns>
        </member>
        <member name="T:NSwag.CodeGeneration.CodeGenerators.CSharp.Templates.FileTemplateBase">
            <summary>
            Base class for this transformation
            </summary>
        </member>
        <member name="P:NSwag.CodeGeneration.CodeGenerators.CSharp.Templates.FileTemplateBase.GenerationEnvironment">
            <summary>
            The string builder that generation-time code is using to assemble generated output
            </summary>
        </member>
        <member name="P:NSwag.CodeGeneration.CodeGenerators.CSharp.Templates.FileTemplateBase.Errors">
            <summary>
            The error collection for the generation process
            </summary>
        </member>
        <member name="P:NSwag.CodeGeneration.CodeGenerators.CSharp.Templates.FileTemplateBase.indentLengths">
            <summary>
            A list of the lengths of each indent that was added with PushIndent
            </summary>
        </member>
        <member name="P:NSwag.CodeGeneration.CodeGenerators.CSharp.Templates.FileTemplateBase.CurrentIndent">
            <summary>
            Gets the current indent we use when adding lines to the output
            </summary>
        </member>
        <member name="P:NSwag.CodeGeneration.CodeGenerators.CSharp.Templates.FileTemplateBase.Session">
            <summary>
            Current transformation session
            </summary>
        </member>
        <member name="M:NSwag.CodeGeneration.CodeGenerators.CSharp.Templates.FileTemplateBase.Write(System.String)">
            <summary>
            Write text directly into the generated output
            </summary>
        </member>
        <member name="M:NSwag.CodeGeneration.CodeGenerators.CSharp.Templates.FileTemplateBase.WriteLine(System.String)">
            <summary>
            Write text directly into the generated output
            </summary>
        </member>
        <member name="M:NSwag.CodeGeneration.CodeGenerators.CSharp.Templates.FileTemplateBase.Write(System.String,System.Object[])">
            <summary>
            Write formatted text directly into the generated output
            </summary>
        </member>
        <member name="M:NSwag.CodeGeneration.CodeGenerators.CSharp.Templates.FileTemplateBase.WriteLine(System.String,System.Object[])">
            <summary>
            Write formatted text directly into the generated output
            </summary>
        </member>
        <member name="M:NSwag.CodeGeneration.CodeGenerators.CSharp.Templates.FileTemplateBase.Error(System.String)">
            <summary>
            Raise an error
            </summary>
        </member>
        <member name="M:NSwag.CodeGeneration.CodeGenerators.CSharp.Templates.FileTemplateBase.Warning(System.String)">
            <summary>
            Raise a warning
            </summary>
        </member>
        <member name="M:NSwag.CodeGeneration.CodeGenerators.CSharp.Templates.FileTemplateBase.PushIndent(System.String)">
            <summary>
            Increase the indent
            </summary>
        </member>
        <member name="M:NSwag.CodeGeneration.CodeGenerators.CSharp.Templates.FileTemplateBase.PopIndent">
            <summary>
            Remove the last indent that was added with PushIndent
            </summary>
        </member>
        <member name="M:NSwag.CodeGeneration.CodeGenerators.CSharp.Templates.FileTemplateBase.ClearIndent">
            <summary>
            Remove any indentation
            </summary>
        </member>
        <member name="T:NSwag.CodeGeneration.CodeGenerators.CSharp.Templates.FileTemplateBase.ToStringInstanceHelper">
            <summary>
            Utility class to produce culture-oriented representation of an object as a string.
            </summary>
        </member>
        <member name="P:NSwag.CodeGeneration.CodeGenerators.CSharp.Templates.FileTemplateBase.ToStringInstanceHelper.FormatProvider">
            <summary>
            Gets or sets format provider to be used by ToStringWithCulture method.
            </summary>
        </member>
        <member name="M:NSwag.CodeGeneration.CodeGenerators.CSharp.Templates.FileTemplateBase.ToStringInstanceHelper.ToStringWithCulture(System.Object)">
            <summary>
            This is called from the compile/run appdomain to convert objects within an expression block to a string
            </summary>
        </member>
        <member name="P:NSwag.CodeGeneration.CodeGenerators.CSharp.Templates.FileTemplateBase.ToStringHelper">
            <summary>
            Helper to produce culture-oriented representation of an object as a string
            </summary>
        </member>
        <member name="T:NSwag.CodeGeneration.CodeGenerators.CSharp.Templates.WebApiControllerTemplate">
            <summary>
            Class to produce the template output
            </summary>
        </member>
        <member name="M:NSwag.CodeGeneration.CodeGenerators.CSharp.Templates.WebApiControllerTemplate.TransformText">
            <summary>
            Create the template output
            </summary>
        </member>
        <member name="M:NSwag.CodeGeneration.CodeGenerators.CSharp.Templates.WebApiControllerTemplate.Initialize(System.Object)">
            <summary>Initializes the template with a model.</summary>
            <param name="model">The model.</param>
        </member>
        <member name="M:NSwag.CodeGeneration.CodeGenerators.CSharp.Templates.WebApiControllerTemplate.Render">
            <summary>Renders the template.</summary>
            <returns>The output.</returns>
        </member>
        <member name="T:NSwag.CodeGeneration.CodeGenerators.CSharp.Templates.WebApiControllerTemplateBase">
            <summary>
            Base class for this transformation
            </summary>
        </member>
        <member name="P:NSwag.CodeGeneration.CodeGenerators.CSharp.Templates.WebApiControllerTemplateBase.GenerationEnvironment">
            <summary>
            The string builder that generation-time code is using to assemble generated output
            </summary>
        </member>
        <member name="P:NSwag.CodeGeneration.CodeGenerators.CSharp.Templates.WebApiControllerTemplateBase.Errors">
            <summary>
            The error collection for the generation process
            </summary>
        </member>
        <member name="P:NSwag.CodeGeneration.CodeGenerators.CSharp.Templates.WebApiControllerTemplateBase.indentLengths">
            <summary>
            A list of the lengths of each indent that was added with PushIndent
            </summary>
        </member>
        <member name="P:NSwag.CodeGeneration.CodeGenerators.CSharp.Templates.WebApiControllerTemplateBase.CurrentIndent">
            <summary>
            Gets the current indent we use when adding lines to the output
            </summary>
        </member>
        <member name="P:NSwag.CodeGeneration.CodeGenerators.CSharp.Templates.WebApiControllerTemplateBase.Session">
            <summary>
            Current transformation session
            </summary>
        </member>
        <member name="M:NSwag.CodeGeneration.CodeGenerators.CSharp.Templates.WebApiControllerTemplateBase.Write(System.String)">
            <summary>
            Write text directly into the generated output
            </summary>
        </member>
        <member name="M:NSwag.CodeGeneration.CodeGenerators.CSharp.Templates.WebApiControllerTemplateBase.WriteLine(System.String)">
            <summary>
            Write text directly into the generated output
            </summary>
        </member>
        <member name="M:NSwag.CodeGeneration.CodeGenerators.CSharp.Templates.WebApiControllerTemplateBase.Write(System.String,System.Object[])">
            <summary>
            Write formatted text directly into the generated output
            </summary>
        </member>
        <member name="M:NSwag.CodeGeneration.CodeGenerators.CSharp.Templates.WebApiControllerTemplateBase.WriteLine(System.String,System.Object[])">
            <summary>
            Write formatted text directly into the generated output
            </summary>
        </member>
        <member name="M:NSwag.CodeGeneration.CodeGenerators.CSharp.Templates.WebApiControllerTemplateBase.Error(System.String)">
            <summary>
            Raise an error
            </summary>
        </member>
        <member name="M:NSwag.CodeGeneration.CodeGenerators.CSharp.Templates.WebApiControllerTemplateBase.Warning(System.String)">
            <summary>
            Raise a warning
            </summary>
        </member>
        <member name="M:NSwag.CodeGeneration.CodeGenerators.CSharp.Templates.WebApiControllerTemplateBase.PushIndent(System.String)">
            <summary>
            Increase the indent
            </summary>
        </member>
        <member name="M:NSwag.CodeGeneration.CodeGenerators.CSharp.Templates.WebApiControllerTemplateBase.PopIndent">
            <summary>
            Remove the last indent that was added with PushIndent
            </summary>
        </member>
        <member name="M:NSwag.CodeGeneration.CodeGenerators.CSharp.Templates.WebApiControllerTemplateBase.ClearIndent">
            <summary>
            Remove any indentation
            </summary>
        </member>
        <member name="T:NSwag.CodeGeneration.CodeGenerators.CSharp.Templates.WebApiControllerTemplateBase.ToStringInstanceHelper">
            <summary>
            Utility class to produce culture-oriented representation of an object as a string.
            </summary>
        </member>
        <member name="P:NSwag.CodeGeneration.CodeGenerators.CSharp.Templates.WebApiControllerTemplateBase.ToStringInstanceHelper.FormatProvider">
            <summary>
            Gets or sets format provider to be used by ToStringWithCulture method.
            </summary>
        </member>
        <member name="M:NSwag.CodeGeneration.CodeGenerators.CSharp.Templates.WebApiControllerTemplateBase.ToStringInstanceHelper.ToStringWithCulture(System.Object)">
            <summary>
            This is called from the compile/run appdomain to convert objects within an expression block to a string
            </summary>
        </member>
        <member name="P:NSwag.CodeGeneration.CodeGenerators.CSharp.Templates.WebApiControllerTemplateBase.ToStringHelper">
            <summary>
            Helper to produce culture-oriented representation of an object as a string
            </summary>
        </member>
        <member name="T:NSwag.CodeGeneration.CodeGenerators.CSharp.SwaggerToCSharpClientGenerator">
            <summary>Generates the CSharp service client code. </summary>
        </member>
        <member name="M:NSwag.CodeGeneration.CodeGenerators.CSharp.SwaggerToCSharpClientGenerator.#ctor(NSwag.SwaggerService,NSwag.CodeGeneration.CodeGenerators.CSharp.SwaggerToCSharpClientGeneratorSettings)">
            <summary>Initializes a new instance of the <see cref="T:NSwag.CodeGeneration.CodeGenerators.CSharp.SwaggerToCSharpClientGenerator" /> class.</summary>
            <param name="service">The service.</param>
            <param name="settings">The settings.</param>
            <exception cref="T:System.ArgumentNullException">service</exception>
            <exception cref="T:System.ArgumentNullException"><paramref name="service" /> is <see langword="null" />.</exception>
        </member>
        <member name="P:NSwag.CodeGeneration.CodeGenerators.CSharp.SwaggerToCSharpClientGenerator.Settings">
            <summary>Gets or sets the generator settings.</summary>
        </member>
        <member name="P:NSwag.CodeGeneration.CodeGenerators.CSharp.SwaggerToCSharpClientGenerator.Language">
            <summary>Gets the language.</summary>
        </member>
        <member name="M:NSwag.CodeGeneration.CodeGenerators.CSharp.SwaggerToCSharpClientGenerator.GenerateFile">
            <summary>Generates the file.</summary>
            <returns>The file contents.</returns>
        </member>
        <member name="M:NSwag.CodeGeneration.CodeGenerators.CSharp.SwaggerToCSharpClientGenerator.GenerateFile(NSwag.CodeGeneration.CodeGenerators.ClientGeneratorOutputType)">
            <summary>Generates the the whole file containing all needed types.</summary>
            <param name="outputType">The output type.</param>
            <returns>The code</returns>
        </member>
        <member name="M:NSwag.CodeGeneration.CodeGenerators.CSharp.SwaggerToCSharpClientGenerator.ResolveParameterType(NSwag.SwaggerParameter,NJsonSchema.CodeGeneration.ITypeResolver)">
            <summary>Resolves the type of the parameter.</summary>
            <param name="parameter">The parameter.</param>
            <param name="resolver">The resolver.</param>
            <returns>The parameter type name.</returns>
        </member>
        <member name="T:NSwag.CodeGeneration.CodeGenerators.CSharp.SwaggerToCSharpWebApiControllerGenerator">
            <summary>Generates the CSharp service client code. </summary>
        </member>
        <member name="M:NSwag.CodeGeneration.CodeGenerators.CSharp.SwaggerToCSharpWebApiControllerGenerator.#ctor(NSwag.SwaggerService,NSwag.CodeGeneration.CodeGenerators.CSharp.SwaggerToCSharpWebApiControllerGeneratorSettings)">
            <summary>Initializes a new instance of the <see cref="T:NSwag.CodeGeneration.CodeGenerators.CSharp.SwaggerToCSharpWebApiControllerGenerator" /> class.</summary>
            <param name="service">The service.</param>
            <param name="settings">The settings.</param>
            <exception cref="T:System.ArgumentNullException">service</exception>
            <exception cref="T:System.ArgumentNullException"><paramref name="service" /> is <see langword="null" />.</exception>
        </member>
        <member name="P:NSwag.CodeGeneration.CodeGenerators.CSharp.SwaggerToCSharpWebApiControllerGenerator.Settings">
            <summary>Gets or sets the generator settings.</summary>
        </member>
        <member name="P:NSwag.CodeGeneration.CodeGenerators.CSharp.SwaggerToCSharpWebApiControllerGenerator.Language">
            <summary>Gets the language.</summary>
        </member>
        <member name="M:NSwag.CodeGeneration.CodeGenerators.CSharp.SwaggerToCSharpWebApiControllerGenerator.GenerateFile">
            <summary>Generates the file.</summary>
            <returns>The file contents.</returns>
        </member>
        <member name="T:NSwag.CodeGeneration.CodeGenerators.CSharp.SwaggerToCSharpWebApiControllerGeneratorSettings">
            <summary>Settings for the <see cref="T:NSwag.CodeGeneration.CodeGenerators.CSharp.SwaggerToCSharpWebApiControllerGenerator"/>.</summary>
        </member>
        <member name="M:NSwag.CodeGeneration.CodeGenerators.CSharp.SwaggerToCSharpWebApiControllerGeneratorSettings.#ctor">
            <summary>Initializes a new instance of the <see cref="T:NSwag.CodeGeneration.CodeGenerators.CSharp.SwaggerToCSharpWebApiControllerGeneratorSettings"/> class.</summary>
        </member>
        <member name="P:NSwag.CodeGeneration.CodeGenerators.CSharp.SwaggerToCSharpWebApiControllerGeneratorSettings.ControllerBaseClass">
            <summary>Gets or sets the full name of the base class.</summary>
        </member>
        <member name="T:NSwag.CodeGeneration.CodeGenerators.OperationNameGenerators.IOperationNameGenerator">
            <summary>Generates the client and operation name for a given operation.</summary>
        </member>
        <member name="P:NSwag.CodeGeneration.CodeGenerators.OperationNameGenerators.IOperationNameGenerator.SupportsMultipleClients">
            <summary>Gets a value indicating whether the generator supports multiple client classes.</summary>
        </member>
        <member name="M:NSwag.CodeGeneration.CodeGenerators.OperationNameGenerators.IOperationNameGenerator.GetClientName(NSwag.SwaggerService,System.String,NSwag.SwaggerOperationMethod,NSwag.SwaggerOperation)">
            <summary>Gets the client name for a given operation.</summary>
            <param name="service">The Swagger service.</param>
            <param name="path">The HTTP path.</param>
            <param name="httpMethod">The HTTP method.</param>
            <param name="operation">The operation.</param>
            <returns>The client name.</returns>
        </member>
        <member name="M:NSwag.CodeGeneration.CodeGenerators.OperationNameGenerators.IOperationNameGenerator.GetOperationName(NSwag.SwaggerService,System.String,NSwag.SwaggerOperationMethod,NSwag.SwaggerOperation)">
            <summary>Gets the operation name for a given operation.</summary>
            <param name="service">The Swagger service.</param>
            <param name="path">The HTTP path.</param>
            <param name="httpMethod">The HTTP method.</param>
            <param name="operation">The operation.</param>
            <returns>The operation name.</returns>
        </member>
        <member name="T:NSwag.CodeGeneration.CodeGenerators.OperationNameGenerators.MultipleClientsFromOperationIdOperationNameGenerator">
            <summary>Generates multiple clients and operation names based on the Swagger operation ID (underscore separated).</summary>
        </member>
        <member name="P:NSwag.CodeGeneration.CodeGenerators.OperationNameGenerators.MultipleClientsFromOperationIdOperationNameGenerator.SupportsMultipleClients">
            <summary>Gets a value indicating whether the generator supports multiple client classes.</summary>
        </member>
        <member name="M:NSwag.CodeGeneration.CodeGenerators.OperationNameGenerators.MultipleClientsFromOperationIdOperationNameGenerator.GetClientName(NSwag.SwaggerService,System.String,NSwag.SwaggerOperationMethod,NSwag.SwaggerOperation)">
            <summary>Gets the client name for a given operation.</summary>
            <param name="service">The Swagger service.</param>
            <param name="path">The HTTP path.</param>
            <param name="httpMethod">The HTTP method.</param>
            <param name="operation">The operation.</param>
            <returns>The client name.</returns>
        </member>
        <member name="M:NSwag.CodeGeneration.CodeGenerators.OperationNameGenerators.MultipleClientsFromOperationIdOperationNameGenerator.GetOperationName(NSwag.SwaggerService,System.String,NSwag.SwaggerOperationMethod,NSwag.SwaggerOperation)">
            <summary>Gets the operation name for a given operation.</summary>
            <param name="service">The Swagger service.</param>
            <param name="path">The HTTP path.</param>
            <param name="httpMethod">The HTTP method.</param>
            <param name="operation">The operation.</param>
            <returns>The operation name.</returns>
        </member>
        <member name="T:NSwag.CodeGeneration.CodeGenerators.OperationNameGenerators.MultipleClientsFromPathSegmentsOperationNameGenerator">
            <summary>Generates the client and operation name based on the path segments (operation name = last segment, client name = second to last segment).</summary>
        </member>
        <member name="P:NSwag.CodeGeneration.CodeGenerators.OperationNameGenerators.MultipleClientsFromPathSegmentsOperationNameGenerator.SupportsMultipleClients">
            <summary>Gets a value indicating whether the generator supports multiple client classes.</summary>
        </member>
        <member name="M:NSwag.CodeGeneration.CodeGenerators.OperationNameGenerators.MultipleClientsFromPathSegmentsOperationNameGenerator.GetClientName(NSwag.SwaggerService,System.String,NSwag.SwaggerOperationMethod,NSwag.SwaggerOperation)">
            <summary>Gets the client name for a given operation.</summary>
            <param name="service">The Swagger service.</param>
            <param name="path">The HTTP path.</param>
            <param name="httpMethod">The HTTP method.</param>
            <param name="operation">The operation.</param>
            <returns>The client name.</returns>
        </member>
        <member name="M:NSwag.CodeGeneration.CodeGenerators.OperationNameGenerators.MultipleClientsFromPathSegmentsOperationNameGenerator.GetOperationName(NSwag.SwaggerService,System.String,NSwag.SwaggerOperationMethod,NSwag.SwaggerOperation)">
            <summary>Gets the client name for a given operation.</summary>
            <param name="service">The Swagger service.</param>
            <param name="path">The HTTP path.</param>
            <param name="httpMethod">The HTTP method.</param>
            <param name="operation">The operation.</param>
            <returns>The client name.</returns>
        </member>
        <member name="T:NSwag.CodeGeneration.CodeGenerators.OperationNameGenerators.SingleClientFromOperationIdOperationNameGenerator">
            <summary>Generates the client and operation name based on the Swagger operation ID.</summary>
        </member>
        <member name="P:NSwag.CodeGeneration.CodeGenerators.OperationNameGenerators.SingleClientFromOperationIdOperationNameGenerator.SupportsMultipleClients">
            <summary>Gets a value indicating whether the generator supports multiple client classes.</summary>
        </member>
        <member name="M:NSwag.CodeGeneration.CodeGenerators.OperationNameGenerators.SingleClientFromOperationIdOperationNameGenerator.GetClientName(NSwag.SwaggerService,System.String,NSwag.SwaggerOperationMethod,NSwag.SwaggerOperation)">
            <summary>Gets the client name for a given operation.</summary>
            <param name="service">The Swagger service.</param>
            <param name="path">The HTTP path.</param>
            <param name="httpMethod">The HTTP method.</param>
            <param name="operation">The operation.</param>
            <returns>The client name.</returns>
        </member>
        <member name="M:NSwag.CodeGeneration.CodeGenerators.OperationNameGenerators.SingleClientFromOperationIdOperationNameGenerator.GetOperationName(NSwag.SwaggerService,System.String,NSwag.SwaggerOperationMethod,NSwag.SwaggerOperation)">
            <summary>Gets the client name for a given operation.</summary>
            <param name="service">The Swagger service.</param>
            <param name="path">The HTTP path.</param>
            <param name="httpMethod">The HTTP method.</param>
            <param name="operation">The operation.</param>
            <returns>The client name.</returns>
        </member>
        <member name="T:NSwag.CodeGeneration.CodeGenerators.ClientGeneratorBase">
            <summary>The client generator base.</summary>
        </member>
        <member name="M:NSwag.CodeGeneration.CodeGenerators.ClientGeneratorBase.ResolveParameterType(NSwag.SwaggerParameter,NJsonSchema.CodeGeneration.ITypeResolver)">
            <summary>Resolves the type of the parameter.</summary>
            <param name="parameter">The parameter.</param>
            <param name="resolver">The resolver.</param>
            <returns>The parameter type name.</returns>
        </member>
        <member name="T:NSwag.CodeGeneration.CodeGenerators.OperationGenerationMode">
            <summary>Specifies how the operation name and client classes/interfaces are generated.</summary>
        </member>
        <member name="F:NSwag.CodeGeneration.CodeGenerators.OperationGenerationMode.MultipleClientsFromOperationId">
            <summary>Multiple clients from the Swagger operation ID in the form '{controller}_{action}'.</summary>
        </member>
        <member name="F:NSwag.CodeGeneration.CodeGenerators.OperationGenerationMode.MultipleClientsFromPathSegments">
            <summary>From path segments (operation name = last segment, client name = second to last segment).</summary>
        </member>
        <member name="F:NSwag.CodeGeneration.CodeGenerators.OperationGenerationMode.SingleClientFromOperationId">
            <summary>From the Swagger operation ID.</summary>
        </member>
        <member name="T:NSwag.CodeGeneration.CodeGenerators.ClientGeneratorBaseSettings">
            <summary>Settings for the <see cref="T:NSwag.CodeGeneration.CodeGenerators.ClientGeneratorBase"/>.</summary>
        </member>
        <member name="M:NSwag.CodeGeneration.CodeGenerators.ClientGeneratorBaseSettings.#ctor">
            <summary>Initializes a new instance of the <see cref="T:NSwag.CodeGeneration.CodeGenerators.ClientGeneratorBaseSettings"/> class.</summary>
        </member>
        <member name="P:NSwag.CodeGeneration.CodeGenerators.ClientGeneratorBaseSettings.CodeGeneratorSettings">
            <summary>Gets the code generator settings.</summary>
        </member>
        <member name="P:NSwag.CodeGeneration.CodeGenerators.ClientGeneratorBaseSettings.ClassName">
            <summary>Gets or sets the class name of the service client or controller.</summary>
        </member>
        <member name="P:NSwag.CodeGeneration.CodeGenerators.ClientGeneratorBaseSettings.OperationGenerationMode">
            <summary>Gets or sets the operation generation mode.</summary>
        </member>
        <member name="P:NSwag.CodeGeneration.CodeGenerators.ClientGeneratorBaseSettings.GenerateDtoTypes">
            <summary>Gets or sets a value indicating whether to generate DTO classes (default: true).</summary>
        </member>
        <member name="P:NSwag.CodeGeneration.CodeGenerators.ClientGeneratorBaseSettings.GenerateClientInterfaces">
            <summary>Gets or sets a value indicating whether to generate interfaces for the client classes.</summary>
        </member>
        <member name="P:NSwag.CodeGeneration.CodeGenerators.ClientGeneratorBaseSettings.GenerateClientClasses">
            <summary>Gets or sets a value indicating whether to generate client types (default: true).</summary>
        </member>
        <member name="P:NSwag.CodeGeneration.CodeGenerators.ClientGeneratorBaseSettings.OperationNameGenerator">
            <exception cref="T:System.NotSupportedException" accessor="get">The OperationGenerationMode is not supported.</exception>
        </member>
        <member name="T:NSwag.CodeGeneration.CodeGenerators.TypeScript.PromiseType">
            <summary>The promise type.</summary>
        </member>
        <member name="F:NSwag.CodeGeneration.CodeGenerators.TypeScript.PromiseType.Promise">
            <summary>The standard promise implementation (polyfill may be required).</summary>
        </member>
        <member name="F:NSwag.CodeGeneration.CodeGenerators.TypeScript.PromiseType.QPromise">
            <summary>Promise from the Q promises library.</summary>
        </member>
        <member name="T:NSwag.CodeGeneration.CodeGenerators.TypeScript.SwaggerToTypeScriptClientGeneratorSettings">
            <summary>Settings for the <see cref="T:NSwag.CodeGeneration.CodeGenerators.TypeScript.SwaggerToTypeScriptClientGenerator"/>.</summary>
        </member>
        <member name="M:NSwag.CodeGeneration.CodeGenerators.TypeScript.SwaggerToTypeScriptClientGeneratorSettings.#ctor">
            <summary>Initializes a new instance of the <see cref="T:NSwag.CodeGeneration.CodeGenerators.TypeScript.SwaggerToTypeScriptClientGeneratorSettings"/> class.</summary>
        </member>
        <member name="P:NSwag.CodeGeneration.CodeGenerators.TypeScript.SwaggerToTypeScriptClientGeneratorSettings.TypeScriptGeneratorSettings">
            <summary>Gets or sets the TypeScript generator settings.</summary>
        </member>
        <member name="P:NSwag.CodeGeneration.CodeGenerators.TypeScript.SwaggerToTypeScriptClientGeneratorSettings.CodeGeneratorSettings">
            <summary>Gets the code generator settings.</summary>
        </member>
        <member name="P:NSwag.CodeGeneration.CodeGenerators.TypeScript.SwaggerToTypeScriptClientGeneratorSettings.Template">
            <summary>Gets or sets the output template.</summary>
        </member>
        <member name="P:NSwag.CodeGeneration.CodeGenerators.TypeScript.SwaggerToTypeScriptClientGeneratorSettings.PromiseType">
            <summary>Gets or sets the promise type.</summary>
        </member>
        <member name="T:NSwag.CodeGeneration.CodeGenerators.TypeScript.Templates.Angular2Template">
            <summary>
            Class to produce the template output
            </summary>
        </member>
        <member name="M:NSwag.CodeGeneration.CodeGenerators.TypeScript.Templates.Angular2Template.Initialize(System.Object)">
            <summary>Initializes the template with a model.</summary>
            <param name="model">The model.</param>
        </member>
        <member name="M:NSwag.CodeGeneration.CodeGenerators.TypeScript.Templates.Angular2Template.Render">
            <summary>Renders the template.</summary>
            <returns>The output.</returns>
        </member>
        <member name="M:NSwag.CodeGeneration.CodeGenerators.TypeScript.Templates.Angular2Template.TransformText">
            <summary>
            Create the template output
            </summary>
        </member>
        <member name="T:NSwag.CodeGeneration.CodeGenerators.TypeScript.Templates.Angular2TemplateBase">
            <summary>
            Base class for this transformation
            </summary>
        </member>
        <member name="P:NSwag.CodeGeneration.CodeGenerators.TypeScript.Templates.Angular2TemplateBase.GenerationEnvironment">
            <summary>
            The string builder that generation-time code is using to assemble generated output
            </summary>
        </member>
        <member name="P:NSwag.CodeGeneration.CodeGenerators.TypeScript.Templates.Angular2TemplateBase.Errors">
            <summary>
            The error collection for the generation process
            </summary>
        </member>
        <member name="P:NSwag.CodeGeneration.CodeGenerators.TypeScript.Templates.Angular2TemplateBase.indentLengths">
            <summary>
            A list of the lengths of each indent that was added with PushIndent
            </summary>
        </member>
        <member name="P:NSwag.CodeGeneration.CodeGenerators.TypeScript.Templates.Angular2TemplateBase.CurrentIndent">
            <summary>
            Gets the current indent we use when adding lines to the output
            </summary>
        </member>
        <member name="P:NSwag.CodeGeneration.CodeGenerators.TypeScript.Templates.Angular2TemplateBase.Session">
            <summary>
            Current transformation session
            </summary>
        </member>
        <member name="M:NSwag.CodeGeneration.CodeGenerators.TypeScript.Templates.Angular2TemplateBase.Write(System.String)">
            <summary>
            Write text directly into the generated output
            </summary>
        </member>
        <member name="M:NSwag.CodeGeneration.CodeGenerators.TypeScript.Templates.Angular2TemplateBase.WriteLine(System.String)">
            <summary>
            Write text directly into the generated output
            </summary>
        </member>
        <member name="M:NSwag.CodeGeneration.CodeGenerators.TypeScript.Templates.Angular2TemplateBase.Write(System.String,System.Object[])">
            <summary>
            Write formatted text directly into the generated output
            </summary>
        </member>
        <member name="M:NSwag.CodeGeneration.CodeGenerators.TypeScript.Templates.Angular2TemplateBase.WriteLine(System.String,System.Object[])">
            <summary>
            Write formatted text directly into the generated output
            </summary>
        </member>
        <member name="M:NSwag.CodeGeneration.CodeGenerators.TypeScript.Templates.Angular2TemplateBase.Error(System.String)">
            <summary>
            Raise an error
            </summary>
        </member>
        <member name="M:NSwag.CodeGeneration.CodeGenerators.TypeScript.Templates.Angular2TemplateBase.Warning(System.String)">
            <summary>
            Raise a warning
            </summary>
        </member>
        <member name="M:NSwag.CodeGeneration.CodeGenerators.TypeScript.Templates.Angular2TemplateBase.PushIndent(System.String)">
            <summary>
            Increase the indent
            </summary>
        </member>
        <member name="M:NSwag.CodeGeneration.CodeGenerators.TypeScript.Templates.Angular2TemplateBase.PopIndent">
            <summary>
            Remove the last indent that was added with PushIndent
            </summary>
        </member>
        <member name="M:NSwag.CodeGeneration.CodeGenerators.TypeScript.Templates.Angular2TemplateBase.ClearIndent">
            <summary>
            Remove any indentation
            </summary>
        </member>
        <member name="T:NSwag.CodeGeneration.CodeGenerators.TypeScript.Templates.Angular2TemplateBase.ToStringInstanceHelper">
            <summary>
            Utility class to produce culture-oriented representation of an object as a string.
            </summary>
        </member>
        <member name="P:NSwag.CodeGeneration.CodeGenerators.TypeScript.Templates.Angular2TemplateBase.ToStringInstanceHelper.FormatProvider">
            <summary>
            Gets or sets format provider to be used by ToStringWithCulture method.
            </summary>
        </member>
        <member name="M:NSwag.CodeGeneration.CodeGenerators.TypeScript.Templates.Angular2TemplateBase.ToStringInstanceHelper.ToStringWithCulture(System.Object)">
            <summary>
            This is called from the compile/run appdomain to convert objects within an expression block to a string
            </summary>
        </member>
        <member name="P:NSwag.CodeGeneration.CodeGenerators.TypeScript.Templates.Angular2TemplateBase.ToStringHelper">
            <summary>
            Helper to produce culture-oriented representation of an object as a string
            </summary>
        </member>
        <member name="T:NSwag.CodeGeneration.CodeGenerators.TypeScript.Templates.AngularJSTemplate">
            <summary>
            Class to produce the template output
            </summary>
        </member>
        <member name="M:NSwag.CodeGeneration.CodeGenerators.TypeScript.Templates.AngularJSTemplate.Initialize(System.Object)">
            <summary>Initializes the template with a model.</summary>
            <param name="model">The model.</param>
        </member>
        <member name="M:NSwag.CodeGeneration.CodeGenerators.TypeScript.Templates.AngularJSTemplate.Render">
            <summary>Renders the template.</summary>
            <returns>The output.</returns>
        </member>
        <member name="M:NSwag.CodeGeneration.CodeGenerators.TypeScript.Templates.AngularJSTemplate.TransformText">
            <summary>
            Create the template output
            </summary>
        </member>
        <member name="T:NSwag.CodeGeneration.CodeGenerators.TypeScript.Templates.AngularJSTemplateBase">
            <summary>
            Base class for this transformation
            </summary>
        </member>
        <member name="P:NSwag.CodeGeneration.CodeGenerators.TypeScript.Templates.AngularJSTemplateBase.GenerationEnvironment">
            <summary>
            The string builder that generation-time code is using to assemble generated output
            </summary>
        </member>
        <member name="P:NSwag.CodeGeneration.CodeGenerators.TypeScript.Templates.AngularJSTemplateBase.Errors">
            <summary>
            The error collection for the generation process
            </summary>
        </member>
        <member name="P:NSwag.CodeGeneration.CodeGenerators.TypeScript.Templates.AngularJSTemplateBase.indentLengths">
            <summary>
            A list of the lengths of each indent that was added with PushIndent
            </summary>
        </member>
        <member name="P:NSwag.CodeGeneration.CodeGenerators.TypeScript.Templates.AngularJSTemplateBase.CurrentIndent">
            <summary>
            Gets the current indent we use when adding lines to the output
            </summary>
        </member>
        <member name="P:NSwag.CodeGeneration.CodeGenerators.TypeScript.Templates.AngularJSTemplateBase.Session">
            <summary>
            Current transformation session
            </summary>
        </member>
        <member name="M:NSwag.CodeGeneration.CodeGenerators.TypeScript.Templates.AngularJSTemplateBase.Write(System.String)">
            <summary>
            Write text directly into the generated output
            </summary>
        </member>
        <member name="M:NSwag.CodeGeneration.CodeGenerators.TypeScript.Templates.AngularJSTemplateBase.WriteLine(System.String)">
            <summary>
            Write text directly into the generated output
            </summary>
        </member>
        <member name="M:NSwag.CodeGeneration.CodeGenerators.TypeScript.Templates.AngularJSTemplateBase.Write(System.String,System.Object[])">
            <summary>
            Write formatted text directly into the generated output
            </summary>
        </member>
        <member name="M:NSwag.CodeGeneration.CodeGenerators.TypeScript.Templates.AngularJSTemplateBase.WriteLine(System.String,System.Object[])">
            <summary>
            Write formatted text directly into the generated output
            </summary>
        </member>
        <member name="M:NSwag.CodeGeneration.CodeGenerators.TypeScript.Templates.AngularJSTemplateBase.Error(System.String)">
            <summary>
            Raise an error
            </summary>
        </member>
        <member name="M:NSwag.CodeGeneration.CodeGenerators.TypeScript.Templates.AngularJSTemplateBase.Warning(System.String)">
            <summary>
            Raise a warning
            </summary>
        </member>
        <member name="M:NSwag.CodeGeneration.CodeGenerators.TypeScript.Templates.AngularJSTemplateBase.PushIndent(System.String)">
            <summary>
            Increase the indent
            </summary>
        </member>
        <member name="M:NSwag.CodeGeneration.CodeGenerators.TypeScript.Templates.AngularJSTemplateBase.PopIndent">
            <summary>
            Remove the last indent that was added with PushIndent
            </summary>
        </member>
        <member name="M:NSwag.CodeGeneration.CodeGenerators.TypeScript.Templates.AngularJSTemplateBase.ClearIndent">
            <summary>
            Remove any indentation
            </summary>
        </member>
        <member name="T:NSwag.CodeGeneration.CodeGenerators.TypeScript.Templates.AngularJSTemplateBase.ToStringInstanceHelper">
            <summary>
            Utility class to produce culture-oriented representation of an object as a string.
            </summary>
        </member>
        <member name="P:NSwag.CodeGeneration.CodeGenerators.TypeScript.Templates.AngularJSTemplateBase.ToStringInstanceHelper.FormatProvider">
            <summary>
            Gets or sets format provider to be used by ToStringWithCulture method.
            </summary>
        </member>
        <member name="M:NSwag.CodeGeneration.CodeGenerators.TypeScript.Templates.AngularJSTemplateBase.ToStringInstanceHelper.ToStringWithCulture(System.Object)">
            <summary>
            This is called from the compile/run appdomain to convert objects within an expression block to a string
            </summary>
        </member>
        <member name="P:NSwag.CodeGeneration.CodeGenerators.TypeScript.Templates.AngularJSTemplateBase.ToStringHelper">
            <summary>
            Helper to produce culture-oriented representation of an object as a string
            </summary>
        </member>
        <member name="T:NSwag.CodeGeneration.CodeGenerators.TypeScript.Templates.FileTemplate">
            <summary>
            Class to produce the template output
            </summary>
        </member>
        <member name="M:NSwag.CodeGeneration.CodeGenerators.TypeScript.Templates.FileTemplate.TransformText">
            <summary>
            Create the template output
            </summary>
        </member>
        <member name="M:NSwag.CodeGeneration.CodeGenerators.TypeScript.Templates.FileTemplate.Initialize(System.Object)">
            <summary>Initializes the template with a model.</summary>
            <param name="model">The model.</param>
        </member>
        <member name="M:NSwag.CodeGeneration.CodeGenerators.TypeScript.Templates.FileTemplate.Render">
            <summary>Renders the template.</summary>
            <returns>The output.</returns>
        </member>
        <member name="T:NSwag.CodeGeneration.CodeGenerators.TypeScript.Templates.FileTemplateBase">
            <summary>
            Base class for this transformation
            </summary>
        </member>
        <member name="P:NSwag.CodeGeneration.CodeGenerators.TypeScript.Templates.FileTemplateBase.GenerationEnvironment">
            <summary>
            The string builder that generation-time code is using to assemble generated output
            </summary>
        </member>
        <member name="P:NSwag.CodeGeneration.CodeGenerators.TypeScript.Templates.FileTemplateBase.Errors">
            <summary>
            The error collection for the generation process
            </summary>
        </member>
        <member name="P:NSwag.CodeGeneration.CodeGenerators.TypeScript.Templates.FileTemplateBase.indentLengths">
            <summary>
            A list of the lengths of each indent that was added with PushIndent
            </summary>
        </member>
        <member name="P:NSwag.CodeGeneration.CodeGenerators.TypeScript.Templates.FileTemplateBase.CurrentIndent">
            <summary>
            Gets the current indent we use when adding lines to the output
            </summary>
        </member>
        <member name="P:NSwag.CodeGeneration.CodeGenerators.TypeScript.Templates.FileTemplateBase.Session">
            <summary>
            Current transformation session
            </summary>
        </member>
        <member name="M:NSwag.CodeGeneration.CodeGenerators.TypeScript.Templates.FileTemplateBase.Write(System.String)">
            <summary>
            Write text directly into the generated output
            </summary>
        </member>
        <member name="M:NSwag.CodeGeneration.CodeGenerators.TypeScript.Templates.FileTemplateBase.WriteLine(System.String)">
            <summary>
            Write text directly into the generated output
            </summary>
        </member>
        <member name="M:NSwag.CodeGeneration.CodeGenerators.TypeScript.Templates.FileTemplateBase.Write(System.String,System.Object[])">
            <summary>
            Write formatted text directly into the generated output
            </summary>
        </member>
        <member name="M:NSwag.CodeGeneration.CodeGenerators.TypeScript.Templates.FileTemplateBase.WriteLine(System.String,System.Object[])">
            <summary>
            Write formatted text directly into the generated output
            </summary>
        </member>
        <member name="M:NSwag.CodeGeneration.CodeGenerators.TypeScript.Templates.FileTemplateBase.Error(System.String)">
            <summary>
            Raise an error
            </summary>
        </member>
        <member name="M:NSwag.CodeGeneration.CodeGenerators.TypeScript.Templates.FileTemplateBase.Warning(System.String)">
            <summary>
            Raise a warning
            </summary>
        </member>
        <member name="M:NSwag.CodeGeneration.CodeGenerators.TypeScript.Templates.FileTemplateBase.PushIndent(System.String)">
            <summary>
            Increase the indent
            </summary>
        </member>
        <member name="M:NSwag.CodeGeneration.CodeGenerators.TypeScript.Templates.FileTemplateBase.PopIndent">
            <summary>
            Remove the last indent that was added with PushIndent
            </summary>
        </member>
        <member name="M:NSwag.CodeGeneration.CodeGenerators.TypeScript.Templates.FileTemplateBase.ClearIndent">
            <summary>
            Remove any indentation
            </summary>
        </member>
        <member name="T:NSwag.CodeGeneration.CodeGenerators.TypeScript.Templates.FileTemplateBase.ToStringInstanceHelper">
            <summary>
            Utility class to produce culture-oriented representation of an object as a string.
            </summary>
        </member>
        <member name="P:NSwag.CodeGeneration.CodeGenerators.TypeScript.Templates.FileTemplateBase.ToStringInstanceHelper.FormatProvider">
            <summary>
            Gets or sets format provider to be used by ToStringWithCulture method.
            </summary>
        </member>
        <member name="M:NSwag.CodeGeneration.CodeGenerators.TypeScript.Templates.FileTemplateBase.ToStringInstanceHelper.ToStringWithCulture(System.Object)">
            <summary>
            This is called from the compile/run appdomain to convert objects within an expression block to a string
            </summary>
        </member>
        <member name="P:NSwag.CodeGeneration.CodeGenerators.TypeScript.Templates.FileTemplateBase.ToStringHelper">
            <summary>
            Helper to produce culture-oriented representation of an object as a string
            </summary>
        </member>
        <member name="T:NSwag.CodeGeneration.CodeGenerators.TypeScript.Templates.JQueryCallbacksTemplate">
            <summary>
            Class to produce the template output
            </summary>
        </member>
        <member name="M:NSwag.CodeGeneration.CodeGenerators.TypeScript.Templates.JQueryCallbacksTemplate.Initialize(System.Object)">
            <summary>Initializes the template with a model.</summary>
            <param name="model">The model.</param>
        </member>
        <member name="M:NSwag.CodeGeneration.CodeGenerators.TypeScript.Templates.JQueryCallbacksTemplate.Render">
            <summary>Renders the template.</summary>
            <returns>The output.</returns>
        </member>
        <member name="M:NSwag.CodeGeneration.CodeGenerators.TypeScript.Templates.JQueryCallbacksTemplate.TransformText">
            <summary>
            Create the template output
            </summary>
        </member>
        <member name="T:NSwag.CodeGeneration.CodeGenerators.TypeScript.Templates.JQueryCallbacksTemplateBase">
            <summary>
            Base class for this transformation
            </summary>
        </member>
        <member name="P:NSwag.CodeGeneration.CodeGenerators.TypeScript.Templates.JQueryCallbacksTemplateBase.GenerationEnvironment">
            <summary>
            The string builder that generation-time code is using to assemble generated output
            </summary>
        </member>
        <member name="P:NSwag.CodeGeneration.CodeGenerators.TypeScript.Templates.JQueryCallbacksTemplateBase.Errors">
            <summary>
            The error collection for the generation process
            </summary>
        </member>
        <member name="P:NSwag.CodeGeneration.CodeGenerators.TypeScript.Templates.JQueryCallbacksTemplateBase.indentLengths">
            <summary>
            A list of the lengths of each indent that was added with PushIndent
            </summary>
        </member>
        <member name="P:NSwag.CodeGeneration.CodeGenerators.TypeScript.Templates.JQueryCallbacksTemplateBase.CurrentIndent">
            <summary>
            Gets the current indent we use when adding lines to the output
            </summary>
        </member>
        <member name="P:NSwag.CodeGeneration.CodeGenerators.TypeScript.Templates.JQueryCallbacksTemplateBase.Session">
            <summary>
            Current transformation session
            </summary>
        </member>
        <member name="M:NSwag.CodeGeneration.CodeGenerators.TypeScript.Templates.JQueryCallbacksTemplateBase.Write(System.String)">
            <summary>
            Write text directly into the generated output
            </summary>
        </member>
        <member name="M:NSwag.CodeGeneration.CodeGenerators.TypeScript.Templates.JQueryCallbacksTemplateBase.WriteLine(System.String)">
            <summary>
            Write text directly into the generated output
            </summary>
        </member>
        <member name="M:NSwag.CodeGeneration.CodeGenerators.TypeScript.Templates.JQueryCallbacksTemplateBase.Write(System.String,System.Object[])">
            <summary>
            Write formatted text directly into the generated output
            </summary>
        </member>
        <member name="M:NSwag.CodeGeneration.CodeGenerators.TypeScript.Templates.JQueryCallbacksTemplateBase.WriteLine(System.String,System.Object[])">
            <summary>
            Write formatted text directly into the generated output
            </summary>
        </member>
        <member name="M:NSwag.CodeGeneration.CodeGenerators.TypeScript.Templates.JQueryCallbacksTemplateBase.Error(System.String)">
            <summary>
            Raise an error
            </summary>
        </member>
        <member name="M:NSwag.CodeGeneration.CodeGenerators.TypeScript.Templates.JQueryCallbacksTemplateBase.Warning(System.String)">
            <summary>
            Raise a warning
            </summary>
        </member>
        <member name="M:NSwag.CodeGeneration.CodeGenerators.TypeScript.Templates.JQueryCallbacksTemplateBase.PushIndent(System.String)">
            <summary>
            Increase the indent
            </summary>
        </member>
        <member name="M:NSwag.CodeGeneration.CodeGenerators.TypeScript.Templates.JQueryCallbacksTemplateBase.PopIndent">
            <summary>
            Remove the last indent that was added with PushIndent
            </summary>
        </member>
        <member name="M:NSwag.CodeGeneration.CodeGenerators.TypeScript.Templates.JQueryCallbacksTemplateBase.ClearIndent">
            <summary>
            Remove any indentation
            </summary>
        </member>
        <member name="T:NSwag.CodeGeneration.CodeGenerators.TypeScript.Templates.JQueryCallbacksTemplateBase.ToStringInstanceHelper">
            <summary>
            Utility class to produce culture-oriented representation of an object as a string.
            </summary>
        </member>
        <member name="P:NSwag.CodeGeneration.CodeGenerators.TypeScript.Templates.JQueryCallbacksTemplateBase.ToStringInstanceHelper.FormatProvider">
            <summary>
            Gets or sets format provider to be used by ToStringWithCulture method.
            </summary>
        </member>
        <member name="M:NSwag.CodeGeneration.CodeGenerators.TypeScript.Templates.JQueryCallbacksTemplateBase.ToStringInstanceHelper.ToStringWithCulture(System.Object)">
            <summary>
            This is called from the compile/run appdomain to convert objects within an expression block to a string
            </summary>
        </member>
        <member name="P:NSwag.CodeGeneration.CodeGenerators.TypeScript.Templates.JQueryCallbacksTemplateBase.ToStringHelper">
            <summary>
            Helper to produce culture-oriented representation of an object as a string
            </summary>
        </member>
        <member name="T:NSwag.CodeGeneration.CodeGenerators.TypeScript.Templates.JQueryPromisesTemplate">
            <summary>
            Class to produce the template output
            </summary>
        </member>
        <member name="M:NSwag.CodeGeneration.CodeGenerators.TypeScript.Templates.JQueryPromisesTemplate.Initialize(System.Object)">
            <summary>Initializes the template with a model.</summary>
            <param name="model">The model.</param>
        </member>
        <member name="M:NSwag.CodeGeneration.CodeGenerators.TypeScript.Templates.JQueryPromisesTemplate.Render">
            <summary>Renders the template.</summary>
            <returns>The output.</returns>
        </member>
        <member name="M:NSwag.CodeGeneration.CodeGenerators.TypeScript.Templates.JQueryPromisesTemplate.TransformText">
            <summary>
            Create the template output
            </summary>
        </member>
        <member name="T:NSwag.CodeGeneration.CodeGenerators.TypeScript.Templates.JQueryPromisesTemplateBase">
            <summary>
            Base class for this transformation
            </summary>
        </member>
        <member name="P:NSwag.CodeGeneration.CodeGenerators.TypeScript.Templates.JQueryPromisesTemplateBase.GenerationEnvironment">
            <summary>
            The string builder that generation-time code is using to assemble generated output
            </summary>
        </member>
        <member name="P:NSwag.CodeGeneration.CodeGenerators.TypeScript.Templates.JQueryPromisesTemplateBase.Errors">
            <summary>
            The error collection for the generation process
            </summary>
        </member>
        <member name="P:NSwag.CodeGeneration.CodeGenerators.TypeScript.Templates.JQueryPromisesTemplateBase.indentLengths">
            <summary>
            A list of the lengths of each indent that was added with PushIndent
            </summary>
        </member>
        <member name="P:NSwag.CodeGeneration.CodeGenerators.TypeScript.Templates.JQueryPromisesTemplateBase.CurrentIndent">
            <summary>
            Gets the current indent we use when adding lines to the output
            </summary>
        </member>
        <member name="P:NSwag.CodeGeneration.CodeGenerators.TypeScript.Templates.JQueryPromisesTemplateBase.Session">
            <summary>
            Current transformation session
            </summary>
        </member>
        <member name="M:NSwag.CodeGeneration.CodeGenerators.TypeScript.Templates.JQueryPromisesTemplateBase.Write(System.String)">
            <summary>
            Write text directly into the generated output
            </summary>
        </member>
        <member name="M:NSwag.CodeGeneration.CodeGenerators.TypeScript.Templates.JQueryPromisesTemplateBase.WriteLine(System.String)">
            <summary>
            Write text directly into the generated output
            </summary>
        </member>
        <member name="M:NSwag.CodeGeneration.CodeGenerators.TypeScript.Templates.JQueryPromisesTemplateBase.Write(System.String,System.Object[])">
            <summary>
            Write formatted text directly into the generated output
            </summary>
        </member>
        <member name="M:NSwag.CodeGeneration.CodeGenerators.TypeScript.Templates.JQueryPromisesTemplateBase.WriteLine(System.String,System.Object[])">
            <summary>
            Write formatted text directly into the generated output
            </summary>
        </member>
        <member name="M:NSwag.CodeGeneration.CodeGenerators.TypeScript.Templates.JQueryPromisesTemplateBase.Error(System.String)">
            <summary>
            Raise an error
            </summary>
        </member>
        <member name="M:NSwag.CodeGeneration.CodeGenerators.TypeScript.Templates.JQueryPromisesTemplateBase.Warning(System.String)">
            <summary>
            Raise a warning
            </summary>
        </member>
        <member name="M:NSwag.CodeGeneration.CodeGenerators.TypeScript.Templates.JQueryPromisesTemplateBase.PushIndent(System.String)">
            <summary>
            Increase the indent
            </summary>
        </member>
        <member name="M:NSwag.CodeGeneration.CodeGenerators.TypeScript.Templates.JQueryPromisesTemplateBase.PopIndent">
            <summary>
            Remove the last indent that was added with PushIndent
            </summary>
        </member>
        <member name="M:NSwag.CodeGeneration.CodeGenerators.TypeScript.Templates.JQueryPromisesTemplateBase.ClearIndent">
            <summary>
            Remove any indentation
            </summary>
        </member>
        <member name="T:NSwag.CodeGeneration.CodeGenerators.TypeScript.Templates.JQueryPromisesTemplateBase.ToStringInstanceHelper">
            <summary>
            Utility class to produce culture-oriented representation of an object as a string.
            </summary>
        </member>
        <member name="P:NSwag.CodeGeneration.CodeGenerators.TypeScript.Templates.JQueryPromisesTemplateBase.ToStringInstanceHelper.FormatProvider">
            <summary>
            Gets or sets format provider to be used by ToStringWithCulture method.
            </summary>
        </member>
        <member name="M:NSwag.CodeGeneration.CodeGenerators.TypeScript.Templates.JQueryPromisesTemplateBase.ToStringInstanceHelper.ToStringWithCulture(System.Object)">
            <summary>
            This is called from the compile/run appdomain to convert objects within an expression block to a string
            </summary>
        </member>
        <member name="P:NSwag.CodeGeneration.CodeGenerators.TypeScript.Templates.JQueryPromisesTemplateBase.ToStringHelper">
            <summary>
            Helper to produce culture-oriented representation of an object as a string
            </summary>
        </member>
        <member name="T:NSwag.CodeGeneration.CodeGenerators.TypeScript.Templates.RequestBodyTemplate">
            <summary>
            Class to produce the template output
            </summary>
        </member>
        <member name="M:NSwag.CodeGeneration.CodeGenerators.TypeScript.Templates.RequestBodyTemplate.TransformText">
            <summary>
            Create the template output
            </summary>
        </member>
        <member name="M:NSwag.CodeGeneration.CodeGenerators.TypeScript.Templates.RequestBodyTemplate.Initialize(System.Object)">
            <summary>Initializes the template with a model.</summary>
            <param name="model">The model.</param>
        </member>
        <member name="M:NSwag.CodeGeneration.CodeGenerators.TypeScript.Templates.RequestBodyTemplate.Render">
            <summary>Renders the template.</summary>
            <returns>The output.</returns>
        </member>
        <member name="T:NSwag.CodeGeneration.CodeGenerators.TypeScript.Templates.RequestBodyTemplateBase">
            <summary>
            Base class for this transformation
            </summary>
        </member>
        <member name="P:NSwag.CodeGeneration.CodeGenerators.TypeScript.Templates.RequestBodyTemplateBase.GenerationEnvironment">
            <summary>
            The string builder that generation-time code is using to assemble generated output
            </summary>
        </member>
        <member name="P:NSwag.CodeGeneration.CodeGenerators.TypeScript.Templates.RequestBodyTemplateBase.Errors">
            <summary>
            The error collection for the generation process
            </summary>
        </member>
        <member name="P:NSwag.CodeGeneration.CodeGenerators.TypeScript.Templates.RequestBodyTemplateBase.indentLengths">
            <summary>
            A list of the lengths of each indent that was added with PushIndent
            </summary>
        </member>
        <member name="P:NSwag.CodeGeneration.CodeGenerators.TypeScript.Templates.RequestBodyTemplateBase.CurrentIndent">
            <summary>
            Gets the current indent we use when adding lines to the output
            </summary>
        </member>
        <member name="P:NSwag.CodeGeneration.CodeGenerators.TypeScript.Templates.RequestBodyTemplateBase.Session">
            <summary>
            Current transformation session
            </summary>
        </member>
        <member name="M:NSwag.CodeGeneration.CodeGenerators.TypeScript.Templates.RequestBodyTemplateBase.Write(System.String)">
            <summary>
            Write text directly into the generated output
            </summary>
        </member>
        <member name="M:NSwag.CodeGeneration.CodeGenerators.TypeScript.Templates.RequestBodyTemplateBase.WriteLine(System.String)">
            <summary>
            Write text directly into the generated output
            </summary>
        </member>
        <member name="M:NSwag.CodeGeneration.CodeGenerators.TypeScript.Templates.RequestBodyTemplateBase.Write(System.String,System.Object[])">
            <summary>
            Write formatted text directly into the generated output
            </summary>
        </member>
        <member name="M:NSwag.CodeGeneration.CodeGenerators.TypeScript.Templates.RequestBodyTemplateBase.WriteLine(System.String,System.Object[])">
            <summary>
            Write formatted text directly into the generated output
            </summary>
        </member>
        <member name="M:NSwag.CodeGeneration.CodeGenerators.TypeScript.Templates.RequestBodyTemplateBase.Error(System.String)">
            <summary>
            Raise an error
            </summary>
        </member>
        <member name="M:NSwag.CodeGeneration.CodeGenerators.TypeScript.Templates.RequestBodyTemplateBase.Warning(System.String)">
            <summary>
            Raise a warning
            </summary>
        </member>
        <member name="M:NSwag.CodeGeneration.CodeGenerators.TypeScript.Templates.RequestBodyTemplateBase.PushIndent(System.String)">
            <summary>
            Increase the indent
            </summary>
        </member>
        <member name="M:NSwag.CodeGeneration.CodeGenerators.TypeScript.Templates.RequestBodyTemplateBase.PopIndent">
            <summary>
            Remove the last indent that was added with PushIndent
            </summary>
        </member>
        <member name="M:NSwag.CodeGeneration.CodeGenerators.TypeScript.Templates.RequestBodyTemplateBase.ClearIndent">
            <summary>
            Remove any indentation
            </summary>
        </member>
        <member name="T:NSwag.CodeGeneration.CodeGenerators.TypeScript.Templates.RequestBodyTemplateBase.ToStringInstanceHelper">
            <summary>
            Utility class to produce culture-oriented representation of an object as a string.
            </summary>
        </member>
        <member name="P:NSwag.CodeGeneration.CodeGenerators.TypeScript.Templates.RequestBodyTemplateBase.ToStringInstanceHelper.FormatProvider">
            <summary>
            Gets or sets format provider to be used by ToStringWithCulture method.
            </summary>
        </member>
        <member name="M:NSwag.CodeGeneration.CodeGenerators.TypeScript.Templates.RequestBodyTemplateBase.ToStringInstanceHelper.ToStringWithCulture(System.Object)">
            <summary>
            This is called from the compile/run appdomain to convert objects within an expression block to a string
            </summary>
        </member>
        <member name="P:NSwag.CodeGeneration.CodeGenerators.TypeScript.Templates.RequestBodyTemplateBase.ToStringHelper">
            <summary>
            Helper to produce culture-oriented representation of an object as a string
            </summary>
        </member>
        <member name="T:NSwag.CodeGeneration.CodeGenerators.TypeScript.TypeScriptTemplate">
            <summary>The TypeScript output templates.</summary>
        </member>
        <member name="F:NSwag.CodeGeneration.CodeGenerators.TypeScript.TypeScriptTemplate.JQueryCallbacks">
            <summary>Uses JQuery with callbacks.</summary>
        </member>
        <member name="F:NSwag.CodeGeneration.CodeGenerators.TypeScript.TypeScriptTemplate.JQueryPromises">
            <summary>Uses JQuery with Promises/A+.</summary>
        </member>
        <member name="F:NSwag.CodeGeneration.CodeGenerators.TypeScript.TypeScriptTemplate.AngularJS">
            <summary>Uses $http from AngularJS 1.x.</summary>
        </member>
        <member name="F:NSwag.CodeGeneration.CodeGenerators.TypeScript.TypeScriptTemplate.Angular2">
            <summary>Uses the http service from AngularJS 2.x.</summary>
        </member>
        <member name="T:NSwag.CodeGeneration.CodeGenerators.TypeScript.SwaggerToTypeScriptClientGenerator">
            <summary>Generates the CSharp service client code. </summary>
        </member>
        <member name="M:NSwag.CodeGeneration.CodeGenerators.TypeScript.SwaggerToTypeScriptClientGenerator.#ctor(NSwag.SwaggerService,NSwag.CodeGeneration.CodeGenerators.TypeScript.SwaggerToTypeScriptClientGeneratorSettings)">
            <summary>Initializes a new instance of the <see cref="T:NSwag.CodeGeneration.CodeGenerators.TypeScript.SwaggerToTypeScriptClientGenerator" /> class.</summary>
            <param name="service">The service.</param>
            <param name="settings">The settings.</param>
            <exception cref="T:System.ArgumentNullException">service</exception>
            <exception cref="T:System.ArgumentNullException"><paramref name="service" /> is <see langword="null" />.</exception>
        </member>
        <member name="P:NSwag.CodeGeneration.CodeGenerators.TypeScript.SwaggerToTypeScriptClientGenerator.Settings">
            <summary>Gets or sets the generator settings.</summary>
        </member>
        <member name="P:NSwag.CodeGeneration.CodeGenerators.TypeScript.SwaggerToTypeScriptClientGenerator.Language">
            <summary>Gets the language.</summary>
        </member>
        <member name="M:NSwag.CodeGeneration.CodeGenerators.TypeScript.SwaggerToTypeScriptClientGenerator.GenerateFile">
            <summary>Generates the file.</summary>
            <returns>The file contents.</returns>
        </member>
        <member name="T:NSwag.CodeGeneration.Infrastructure.ReflectionExtensions">
            <summary>Provides extension methods for reflection.</summary>
        </member>
        <member name="M:NSwag.CodeGeneration.Infrastructure.ReflectionExtensions.InheritsFrom(System.Type,System.String)">
            <summary>Checks whether the given type inherits from the given type name.</summary>
            <param name="type">The type.</param>
            <param name="typeName">Name of the type.</param>
            <returns>true if the type inherits from typeName.</returns>
        </member>
        <member name="T:NSwag.CodeGeneration.SwaggerGenerators.RootTypeJsonSchemaGenerator">
            <summary>A <see cref="T:NJsonSchema.Generation.JsonSchemaGenerator"/> which only generate the schema for the root type. 
            Referenced types are added to the service's Definitions collection. </summary>
        </member>
        <member name="M:NSwag.CodeGeneration.SwaggerGenerators.RootTypeJsonSchemaGenerator.#ctor(NSwag.SwaggerService,NJsonSchema.ISchemaDefinitionAppender,NJsonSchema.Generation.JsonSchemaGeneratorSettings)">
            <summary>Initializes a new instance of the <see cref="T:NSwag.CodeGeneration.SwaggerGenerators.RootTypeJsonSchemaGenerator" /> class.</summary>
            <param name="service">The service.</param>
            <param name="schemaDefinitionAppender">The schema definition appender.</param>
            <param name="settings">The settings.</param>
        </member>
        <member name="M:NSwag.CodeGeneration.SwaggerGenerators.RootTypeJsonSchemaGenerator.GenerateObject``1(System.Type,``0,NJsonSchema.JsonSchema4,NJsonSchema.ISchemaDefinitionAppender,NJsonSchema.ISchemaResolver)">
            <summary>Generates the properties for the given type and schema.</summary>
            <typeparam name="TSchemaType">The type of the schema type.</typeparam>
            <param name="type">The types.</param>
            <param name="schema">The properties</param>
            <param name="rootSchema">The root schema.</param>
            <param name="schemaDefinitionAppender"></param>
            <param name="schemaResolver">The schema resolver.</param>
        </member>
        <member name="T:NSwag.CodeGeneration.SwaggerGenerators.WebApi.Processors.IDocumentProcessor">
            <summary>Post processes a generated <see cref="T:NSwag.SwaggerService"/>.</summary>
        </member>
        <member name="M:NSwag.CodeGeneration.SwaggerGenerators.WebApi.Processors.IDocumentProcessor.Process(NSwag.SwaggerService)">
            <summary>Processes the specified Swagger document.</summary>
            <param name="document">The document.</param>
        </member>
        <member name="T:NSwag.CodeGeneration.SwaggerGenerators.WebApi.Processors.IOperationProcessor">
            <summary>Post processes a generated <see cref="T:NSwag.SwaggerOperation"/>.</summary>
        </member>
        <member name="M:NSwag.CodeGeneration.SwaggerGenerators.WebApi.Processors.IOperationProcessor.Process(NSwag.SwaggerOperationDescription,System.Reflection.MethodInfo,NJsonSchema.ISchemaResolver,System.Collections.Generic.IList{NSwag.SwaggerOperationDescription})">
            <summary>Processes the specified method information.</summary>
            <param name="operationDescription">The operation description.</param>
            <param name="methodInfo">The method information.</param>
            <param name="schemaResolver">The schema resolver.</param>
            <param name="allOperationDescriptions">All operation descriptions.</param>
            <returns>true if the operation should be added to the Swagger specification.</returns>
        </member>
        <member name="T:NSwag.CodeGeneration.SwaggerGenerators.WebApi.Processors.SecurityDefinitionAppender">
            <summary>Appends the OAuth2 security scheme to the document's security definitions.</summary>
        </member>
        <member name="M:NSwag.CodeGeneration.SwaggerGenerators.WebApi.Processors.SecurityDefinitionAppender.#ctor(System.String,NSwag.SwaggerSecurityScheme)">
            <summary>Initializes a new instance of the <see cref="T:NSwag.CodeGeneration.SwaggerGenerators.WebApi.Processors.SecurityDefinitionAppender" /> class.</summary>
            <param name="name">The name/key of the security scheme/definition.</param>
            <param name="swaggerSecurityScheme">The Swagger security scheme.</param>
        </member>
        <member name="M:NSwag.CodeGeneration.SwaggerGenerators.WebApi.Processors.SecurityDefinitionAppender.Process(NSwag.SwaggerService)">
            <summary>Processes the specified Swagger document.</summary>
            <param name="document">The document.</param>
        </member>
        <member name="T:NSwag.CodeGeneration.SwaggerGenerators.WebApi.Processors.OperationSecurityScopeAppender">
            <summary>Generates the OAuth2 security scopes for an operation by reflecting the AuthorizeAttribute attributes.</summary>
        </member>
        <member name="M:NSwag.CodeGeneration.SwaggerGenerators.WebApi.Processors.OperationSecurityScopeAppender.#ctor(System.String)">
            <summary>Initializes a new instance of the <see cref="T:NSwag.CodeGeneration.SwaggerGenerators.WebApi.Processors.OperationSecurityScopeAppender"/> class.</summary>
            <param name="name">The security definition name.</param>
        </member>
        <member name="M:NSwag.CodeGeneration.SwaggerGenerators.WebApi.Processors.OperationSecurityScopeAppender.Process(NSwag.SwaggerOperationDescription,System.Reflection.MethodInfo,NJsonSchema.ISchemaResolver,System.Collections.Generic.IList{NSwag.SwaggerOperationDescription})">
            <summary>Processes the specified method information.</summary>
            <param name="operationDescription">The operation description.</param>
            <param name="methodInfo">The method information.</param>
            <param name="schemaResolver">The schema resolver.</param>
            <param name="allOperationDescriptions">All operation descriptions.</param>
            <returns>true if the operation should be added to the Swagger specification.</returns>
        </member>
        <member name="M:NSwag.CodeGeneration.SwaggerGenerators.WebApi.Processors.OperationSecurityScopeAppender.GetScopes(NSwag.SwaggerOperationDescription,System.Reflection.MethodInfo,NJsonSchema.ISchemaResolver,System.Collections.Generic.IList{NSwag.SwaggerOperationDescription})">
            <summary>Gets the security scopes for an operation.</summary>
            <param name="operationDescription">The operation description.</param>
            <param name="methodInfo">The method information.</param>
            <param name="schemaResolver">The schema resolver.</param>
            <param name="allOperationDescriptions">All operation descriptions.</param>
            <returns>The scopes.</returns>
        </member>
        <member name="T:NSwag.CodeGeneration.SwaggerGenerators.WebApi.WebApiToSwaggerGenerator">
            <summary>Generates a <see cref="T:NSwag.SwaggerService"/> object for the given Web API class type. </summary>
        </member>
        <member name="M:NSwag.CodeGeneration.SwaggerGenerators.WebApi.WebApiToSwaggerGenerator.#ctor(NSwag.CodeGeneration.SwaggerGenerators.WebApi.WebApiToSwaggerGeneratorSettings)">
            <summary>Initializes a new instance of the <see cref="T:NSwag.CodeGeneration.SwaggerGenerators.WebApi.WebApiToSwaggerGenerator" /> class.</summary>
            <param name="settings">The settings.</param>
        </member>
        <member name="M:NSwag.CodeGeneration.SwaggerGenerators.WebApi.WebApiToSwaggerGenerator.GetControllerClasses(System.Reflection.Assembly)">
            <summary>Gets all controller class types of the given assembly.</summary>
            <param name="assembly">The assembly.</param>
            <returns>The controller classes.</returns>
        </member>
        <member name="P:NSwag.CodeGeneration.SwaggerGenerators.WebApi.WebApiToSwaggerGenerator.Settings">
            <summary>Gets or sets the generator settings.</summary>
        </member>
        <member name="M:NSwag.CodeGeneration.SwaggerGenerators.WebApi.WebApiToSwaggerGenerator.GenerateForController``1(System.String)">
            <summary>Generates a Swagger specification for the given controller type.</summary>
            <typeparam name="TController">The type of the controller.</typeparam>
            <param name="excludedMethodName">The name of the excluded method name.</param>
            <returns>The <see cref="T:NSwag.SwaggerService" />.</returns>
            <exception cref="T:System.InvalidOperationException">The operation has more than one body parameter.</exception>
        </member>
        <member name="M:NSwag.CodeGeneration.SwaggerGenerators.WebApi.WebApiToSwaggerGenerator.GenerateForController(System.Type,System.String)">
            <summary>Generates a Swagger specification for the given controller type.</summary>
            <param name="controllerType">The type of the controller.</param>
            <param name="excludedMethodName">The name of the excluded method name.</param>
            <returns>The <see cref="T:NSwag.SwaggerService" />.</returns>
            <exception cref="T:System.InvalidOperationException">The operation has more than one body parameter.</exception>
        </member>
        <member name="M:NSwag.CodeGeneration.SwaggerGenerators.WebApi.WebApiToSwaggerGenerator.GenerateForControllers(System.Collections.Generic.IEnumerable{System.Type},System.String)">
            <summary>Generates a Swagger specification for the given controller types.</summary>
            <param name="controllerTypes">The types of the controller.</param>
            <param name="excludedMethodName">The name of the excluded method name.</param>
            <returns>The <see cref="T:NSwag.SwaggerService" />.</returns>
            <exception cref="T:System.InvalidOperationException">The operation has more than one body parameter.</exception>
        </member>
        <member name="M:NSwag.CodeGeneration.SwaggerGenerators.WebApi.WebApiToSwaggerGenerator.GenerateForController(NSwag.SwaggerService,System.Type,System.String,NJsonSchema.SchemaResolver)">
            <exception cref="T:System.InvalidOperationException">The operation has more than one body parameter.</exception>
        </member>
        <member name="M:NSwag.CodeGeneration.SwaggerGenerators.WebApi.WebApiToSwaggerGenerator.LoadParameters(NSwag.SwaggerService,NSwag.SwaggerOperation,System.Collections.Generic.List{System.Reflection.ParameterInfo},System.String,NJsonSchema.ISchemaResolver)">
            <exception cref="T:System.InvalidOperationException">The operation has more than one body parameter.</exception>
        </member>
        <member name="T:NSwag.CodeGeneration.SwaggerGenerators.WebApi.WebApiToSwaggerGeneratorSettings">
            <summary>Settings for the <see cref="T:NSwag.CodeGeneration.SwaggerGenerators.WebApi.WebApiToSwaggerGenerator"/>.</summary>
        </member>
        <member name="M:NSwag.CodeGeneration.SwaggerGenerators.WebApi.WebApiToSwaggerGeneratorSettings.#ctor">
            <summary>Initializes a new instance of the <see cref="T:NSwag.CodeGeneration.SwaggerGenerators.WebApi.WebApiToSwaggerGeneratorSettings"/> class.</summary>
        </member>
        <member name="P:NSwag.CodeGeneration.SwaggerGenerators.WebApi.WebApiToSwaggerGeneratorSettings.DefaultUrlTemplate">
            <summary>Gets or sets the default Web API URL template.</summary>
        </member>
        <member name="P:NSwag.CodeGeneration.SwaggerGenerators.WebApi.WebApiToSwaggerGeneratorSettings.Title">
            <summary>Gets or sets the specification title.</summary>
            <value>The title.</value>
        </member>
        <member name="P:NSwag.CodeGeneration.SwaggerGenerators.WebApi.WebApiToSwaggerGeneratorSettings.Version">
            <summary>Gets or sets the specification version.</summary>
        </member>
        <member name="P:NSwag.CodeGeneration.SwaggerGenerators.WebApi.WebApiToSwaggerGeneratorSettings.OperationProcessors">
            <summary>Gets the operation processor.</summary>
        </member>
        <member name="P:NSwag.CodeGeneration.SwaggerGenerators.WebApi.WebApiToSwaggerGeneratorSettings.DocumentProcessors">
            <summary>Gets the operation processor.</summary>
        </member>
    </members>
</doc>
